c1_category,c2_category,leaf_category,
Panel & Panel Accessories,Low voltage Switch Gear,MPCB,3 Phase Motor Protection Circuit Breakers 0.16 A
Panel & Panel Accessories,Low voltage Switch Gear,MPCB,3 Phase Motor Protection Circuit Breakers 0.25 A
Panel & Panel Accessories,Low voltage Switch Gear,MPCB,3 Phase Motor Protection Circuit Breakers 0.4 A
Panel & Panel Accessories,Low voltage Switch Gear,MPCB,3 Phase Motor Protection Circuit Breakers 0.63 A
Panel & Panel Accessories,Low voltage Switch Gear,MPCB,3 Phase Motor Protection Circuit Breakers 1 A
Panel & Panel Accessories,Low voltage Switch Gear,MPCB,3 Phase Motor Protection Circuit Breakers 1.6 A
Panel & Panel Accessories,Low voltage Switch Gear,MPCB,3 Phase Motor Protection Circuit Breakers 2.5 A
Panel & Panel Accessories,Low voltage Switch Gear,MPCB,3 Phase Motor Protection Circuit Breakers 4 A
Panel & Panel Accessories,Low voltage Switch Gear,MPCB,3 Phase Motor Protection Circuit Breakers 6.3 A
Panel & Panel Accessories,Low voltage Switch Gear,MPCB,3 Phase Motor Protection Circuit Breakers 10 A
Panel & Panel Accessories,Low voltage Switch Gear,MPCB,3 Phase Motor Protection Circuit Breakers 13 A
Panel & Panel Accessories,Low voltage Switch Gear,MPCB,3 Phase Motor Protection Circuit Breakers 16 A
Panel & Panel Accessories,Low voltage Switch Gear,MPCB,3 Phase Motor Protection Circuit Breakers 20 A
Panel & Panel Accessories,Low voltage Switch Gear,MPCB,3 Phase Motor Protection Circuit Breakers 25 A
Panel & Panel Accessories,Low voltage Switch Gear,MPCB,3 Phase Motor Protection Circuit Breakers 32 A
Panel & Panel Accessories,Low voltage Switch Gear,MPCB,3 Phase Motor Protection Circuit Breakers 0.16 A
Panel & Panel Accessories,Low voltage Switch Gear,MPCB,3 Phase Motor Protection Circuit Breakers 0.25 A
Panel & Panel Accessories,Low voltage Switch Gear,MPCB,3 Phase Motor Protection Circuit Breakers 0.4 A
Panel & Panel Accessories,Low voltage Switch Gear,MPCB,3 Phase Motor Protection Circuit Breakers 0.63 A
Panel & Panel Accessories,Low voltage Switch Gear,MPCB,3 Phase Motor Protection Circuit Breakers 1 A
Panel & Panel Accessories,Low voltage Switch Gear,MPCB,3 Phase Motor Protection Circuit Breakers 1.6 A
Panel & Panel Accessories,Low voltage Switch Gear,MPCB,3 Phase Motor Protection Circuit Breakers 2.5 A
Panel & Panel Accessories,Low voltage Switch Gear,MPCB,3 Phase Motor Protection Circuit Breakers 4 A
Panel & Panel Accessories,Low voltage Switch Gear,MPCB,3 Phase Motor Protection Circuit Breakers 6.3 A
Panel & Panel Accessories,Low voltage Switch Gear,MPCB,3 Phase Motor Protection Circuit Breakers 10 A
Panel & Panel Accessories,Low voltage Switch Gear,MPCB,3 Phase Motor Protection Circuit Breakers 13 A
Panel & Panel Accessories,Low voltage Switch Gear,MPCB,3 Phase Motor Protection Circuit Breakers 16 A
Panel & Panel Accessories,Low voltage Switch Gear,MPCB,3 Phase Motor Protection Circuit Breakers 20 A
Panel & Panel Accessories,Low voltage Switch Gear,MPCB,3 Phase Motor Protection Circuit Breakers 25 A
Panel & Panel Accessories,Low voltage Switch Gear,MPCB,3 Phase Motor Protection Circuit Breakers 32 A
Panel & Panel Accessories,Low voltage Switch Gear,MPCB,3 Phase Motor Protection Circuit Breakers 0.16 A
Panel & Panel Accessories,Low voltage Switch Gear,MPCB,3 Phase Motor Protection Circuit Breakers 0.25 A
Panel & Panel Accessories,Low voltage Switch Gear,MPCB,3 Phase Motor Protection Circuit Breakers 0.4 A
Panel & Panel Accessories,Low voltage Switch Gear,MPCB,3 Phase Motor Protection Circuit Breakers 0.63 A
Panel & Panel Accessories,Low voltage Switch Gear,MPCB,3 Phase Motor Protection Circuit Breakers 1 A
Panel & Panel Accessories,Low voltage Switch Gear,MPCB,3 Phase Motor Protection Circuit Breakers 1.6 A
Panel & Panel Accessories,Low voltage Switch Gear,MPCB,3 Phase Motor Protection Circuit Breakers 2.5 A
Panel & Panel Accessories,Low voltage Switch Gear,MPCB,3 Phase Motor Protection Circuit Breakers 4 A
Panel & Panel Accessories,Low voltage Switch Gear,MPCB,3 Phase Motor Protection Circuit Breakers 6.3 A
Panel & Panel Accessories,Low voltage Switch Gear,MPCB,3 Phase Motor Protection Circuit Breakers 10 A
Panel & Panel Accessories,Low voltage Switch Gear,MPCB,3 Phase Motor Protection Circuit Breakers 13 A
Panel & Panel Accessories,Low voltage Switch Gear,MPCB,3 Phase Motor Protection Circuit Breakers 16 A
Panel & Panel Accessories,Low voltage Switch Gear,MPCB,3 Phase Motor Protection Circuit Breakers 20 A
Panel & Panel Accessories,Low voltage Switch Gear,MPCB,3 Phase Motor Protection Circuit Breakers 25 A
Panel & Panel Accessories,Low voltage Switch Gear,MPCB,3 Phase Motor Protection Circuit Breakers 32 A
Panel & Panel Accessories,Low voltage Switch Gear,MPCB,3 Phase Motor Protection Circuit Breakers 32 A
Panel & Panel Accessories,Low voltage Switch Gear,MPCB,3 Phase Motor Protection Circuit Breakers 40 A
Panel & Panel Accessories,Low voltage Switch Gear,MPCB,3 Phase Motor Protection Circuit Breakers 50 A
Panel & Panel Accessories,Low voltage Switch Gear,MPCB,3 Phase Motor Protection Circuit Breakers 63 A
Panel & Panel Accessories,Low voltage Switch Gear,MPCB,3 Phase Motor Protection Circuit Breakers 32 A
Panel & Panel Accessories,Low voltage Switch Gear,MPCB,3 Phase Motor Protection Circuit Breakers 40 A
Panel & Panel Accessories,Low voltage Switch Gear,MPCB,3 Phase Motor Protection Circuit Breakers 50 A
Panel & Panel Accessories,Low voltage Switch Gear,MPCB,3 Phase Motor Protection Circuit Breakers 63 A