main_category,c1_category,c2_category
Panel & Panel Accessories,Connectors,Terminal Blocks & Accessories
Panel & Panel Accessories,Connectors,Terminal Blocks & Accessories
Panel & Panel Accessories,Connectors,Terminal Blocks & Accessories
Panel & Panel Accessories,Connectors,Terminal Blocks & Accessories
Panel & Panel Accessories,Connectors,Terminal Blocks & Accessories
Panel & Panel Accessories,Connectors,Terminal Blocks & Accessories
Panel & Panel Accessories,Connectors,Terminal Blocks & Accessories
Panel & Panel Accessories,Connectors,Terminal Blocks & Accessories
Panel & Panel Accessories,Connectors,Terminal Blocks & Accessories
Panel & Panel Accessories,Connectors,Terminal Blocks & Accessories
Panel & Panel Accessories,Connectors,Terminal Blocks & Accessories
Panel & Panel Accessories,Connectors,Terminal Blocks & Accessories
Panel & Panel Accessories,Connectors,Terminal Blocks & Accessories
Panel & Panel Accessories,Connectors,Terminal Blocks & Accessories
Panel & Panel Accessories,Connectors,Terminal Blocks & Accessories
Panel & Panel Accessories,Connectors,Terminal Blocks & Accessories
Panel & Panel Accessories,Connectors,Terminal Blocks & Accessories
Panel & Panel Accessories,Connectors,Terminal Blocks & Accessories
Panel & Panel Accessories,Connectors,Terminal Blocks & Accessories
Panel & Panel Accessories,Connectors,Terminal Blocks & Accessories
Panel & Panel Accessories,Connectors,Terminal Blocks & Accessories
Panel & Panel Accessories,Connectors,Terminal Blocks & Accessories
Panel & Panel Accessories,Connectors,Terminal Blocks & Accessories
Panel & Panel Accessories,Connectors,Terminal Blocks & Accessories
Panel & Panel Accessories,Connectors,Terminal Blocks & Accessories
Panel & Panel Accessories,Connectors,Terminal Blocks & Accessories
Panel & Panel Accessories,Connectors,Terminal Blocks & Accessories
Panel & Panel Accessories,Connectors,Terminal Blocks & Accessories
Panel & Panel Accessories,Connectors,Terminal Blocks & Accessories
Panel & Panel Accessories,Connectors,Terminal Blocks & Accessories
Panel & Panel Accessories,Connectors,Terminal Blocks & Accessories
Panel & Panel Accessories,Connectors,Terminal Blocks & Accessories
Panel & Panel Accessories,Connectors,Terminal Blocks & Accessories
Panel & Panel Accessories,Connectors,Terminal Blocks & Accessories
Panel & Panel Accessories,Connectors,Terminal Blocks & Accessories
Panel & Panel Accessories,Connectors,Terminal Blocks & Accessories
Panel & Panel Accessories,Connectors,Terminal Blocks & Accessories
Panel & Panel Accessories,Connectors,Terminal Blocks & Accessories
Panel & Panel Accessories,Connectors,Terminal Blocks & Accessories
Panel & Panel Accessories,Connectors,Terminal Blocks & Accessories
Panel & Panel Accessories,Connectors,Terminal Blocks & Accessories
Panel & Panel Accessories,Connectors,Terminal Blocks & Accessories
Panel & Panel Accessories,Connectors,Terminal Blocks & Accessories
Panel & Panel Accessories,Connectors,Terminal Blocks & Accessories
Panel & Panel Accessories,Connectors,Terminal Blocks & Accessories
Panel & Panel Accessories,Connectors,Terminal Blocks & Accessories
Panel & Panel Accessories,Connectors,Terminal Blocks & Accessories
Panel & Panel Accessories,Connectors,Terminal Blocks & Accessories
Panel & Panel Accessories,Connectors,Terminal Blocks & Accessories
Panel & Panel Accessories,Connectors,Terminal Blocks & Accessories
Panel & Panel Accessories,Connectors,Terminal Blocks & Accessories
Panel & Panel Accessories,Connectors,Terminal Blocks & Accessories
Panel & Panel Accessories,Connectors,Terminal Blocks & Accessories
Panel & Panel Accessories,Connectors,Terminal Blocks & Accessories
Panel & Panel Accessories,Connectors,Terminal Blocks & Accessories
Panel & Panel Accessories,Connectors,Terminal Blocks & Accessories
Panel & Panel Accessories,Connectors,Terminal Blocks & Accessories
Panel & Panel Accessories,Connectors,Terminal Blocks & Accessories
Panel & Panel Accessories,Connectors,Terminal Blocks & Accessories
Panel & Panel Accessories,Connectors,Terminal Blocks & Accessories
Panel & Panel Accessories,Connectors,Terminal Blocks & Accessories
Panel & Panel Accessories,Connectors,Terminal Blocks & Accessories
Panel & Panel Accessories,Connectors,Terminal Blocks & Accessories
Panel & Panel Accessories,Connectors,Terminal Blocks & Accessories
Panel & Panel Accessories,Connectors,Terminal Blocks & Accessories
Panel & Panel Accessories,Connectors,Terminal Blocks & Accessories
Panel & Panel Accessories,Connectors,Terminal Blocks & Accessories
Panel & Panel Accessories,Connectors,Terminal Blocks & Accessories
Panel & Panel Accessories,Connectors,Terminal Blocks & Accessories
Panel & Panel Accessories,Connectors,Terminal Blocks & Accessories
Panel & Panel Accessories,Connectors,Terminal Blocks & Accessories
Panel & Panel Accessories,Connectors,Terminal Blocks & Accessories
Panel & Panel Accessories,Connectors,Terminal Blocks & Accessories
Panel & Panel Accessories,Connectors,Terminal Blocks & Accessories
Panel & Panel Accessories,Connectors,Terminal Blocks & Accessories
Panel & Panel Accessories,Connectors,Terminal Blocks & Accessories
Panel & Panel Accessories,Connectors,Terminal Blocks & Accessories
Panel & Panel Accessories,Connectors,Terminal Blocks & Accessories
Panel & Panel Accessories,Connectors,Terminal Blocks & Accessories
Panel & Panel Accessories,Connectors,Terminal Blocks & Accessories
Panel & Panel Accessories,Connectors,Terminal Blocks & Accessories
Panel & Panel Accessories,Connectors,Terminal Blocks & Accessories
Panel & Panel Accessories,Connectors,Terminal Blocks & Accessories
Panel & Panel Accessories,Connectors,Terminal Blocks & Accessories
Panel & Panel Accessories,Connectors,Terminal Blocks & Accessories
Panel & Panel Accessories,Connectors,Terminal Blocks & Accessories
Panel & Panel Accessories,Connectors,Terminal Blocks & Accessories
Panel & Panel Accessories,Connectors,Terminal Blocks & Accessories
Panel & Panel Accessories,Connectors,Terminal Blocks & Accessories
Panel & Panel Accessories,Connectors,Terminal Blocks & Accessories
Panel & Panel Accessories,Connectors,Terminal Blocks & Accessories
Panel & Panel Accessories,Connectors,Terminal Blocks & Accessories
Panel & Panel Accessories,Connectors,Terminal Blocks & Accessories
Panel & Panel Accessories,Connectors,Terminal Blocks & Accessories
Panel & Panel Accessories,Connectors,Terminal Blocks & Accessories
Panel & Panel Accessories,Connectors,Terminal Blocks & Accessories
Panel & Panel Accessories,Connectors,Terminal Blocks & Accessories
Panel & Panel Accessories,Connectors,Terminal Blocks & Accessories
Panel & Panel Accessories,Connectors,Terminal Blocks & Accessories
Panel & Panel Accessories,Connectors,Terminal Blocks & Accessories
Panel & Panel Accessories,Connectors,Terminal Blocks & Accessories
Panel & Panel Accessories,Connectors,Terminal Blocks & Accessories
Panel & Panel Accessories,Connectors,Terminal Blocks & Accessories
Panel & Panel Accessories,Connectors,Terminal Blocks & Accessories
Panel & Panel Accessories,Connectors,Terminal Blocks & Accessories
Panel & Panel Accessories,Connectors,Terminal Blocks & Accessories
Panel & Panel Accessories,Connectors,Terminal Blocks & Accessories
Panel & Panel Accessories,Connectors,Terminal Blocks & Accessories
Panel & Panel Accessories,Connectors,Terminal Blocks & Accessories
Panel & Panel Accessories,Connectors,Terminal Blocks & Accessories
Panel & Panel Accessories,Connectors,Terminal Blocks & Accessories
Panel & Panel Accessories,Connectors,Terminal Blocks & Accessories
Panel & Panel Accessories,Connectors,Terminal Blocks & Accessories
Panel & Panel Accessories,Connectors,Terminal Blocks & Accessories
Panel & Panel Accessories,Connectors,Terminal Blocks & Accessories
Panel & Panel Accessories,Connectors,Terminal Blocks & Accessories
Panel & Panel Accessories,Connectors,Terminal Blocks & Accessories
Panel & Panel Accessories,Connectors,Terminal Blocks & Accessories
Panel & Panel Accessories,Connectors,Terminal Blocks & Accessories
Panel & Panel Accessories,Connectors,Terminal Blocks & Accessories
Panel & Panel Accessories,Connectors,Terminal Blocks & Accessories
Panel & Panel Accessories,Connectors,Terminal Blocks & Accessories
Panel & Panel Accessories,Connectors,Terminal Blocks & Accessories
Panel & Panel Accessories,Connectors,Terminal Blocks & Accessories
Panel & Panel Accessories,Connectors,Terminal Blocks & Accessories
Panel & Panel Accessories,Connectors,Terminal Blocks & Accessories
Panel & Panel Accessories,Connectors,Terminal Blocks & Accessories
Panel & Panel Accessories,Connectors,Terminal Blocks & Accessories
Panel & Panel Accessories,Connectors,Terminal Blocks & Accessories
Panel & Panel Accessories,Connectors,Terminal Blocks & Accessories
Panel & Panel Accessories,Connectors,Terminal Blocks & Accessories
Panel & Panel Accessories,Connectors,Terminal Blocks & Accessories
Panel & Panel Accessories,Connectors,Terminal Blocks & Accessories
Panel & Panel Accessories,Connectors,Terminal Blocks & Accessories
Panel & Panel Accessories,Connectors,Terminal Blocks & Accessories
Panel & Panel Accessories,Connectors,Terminal Blocks & Accessories
Panel & Panel Accessories,Connectors,Terminal Blocks & Accessories
Panel & Panel Accessories,Connectors,Terminal Blocks & Accessories
Panel & Panel Accessories,Connectors,Terminal Blocks & Accessories
Panel & Panel Accessories,Connectors,Terminal Blocks & Accessories
Panel & Panel Accessories,Connectors,Terminal Blocks & Accessories
Panel & Panel Accessories,Connectors,Terminal Blocks & Accessories
Panel & Panel Accessories,Connectors,Terminal Blocks & Accessories
Panel & Panel Accessories,Connectors,Terminal Blocks & Accessories
Panel & Panel Accessories,Connectors,Terminal Blocks & Accessories
Panel & Panel Accessories,Connectors,Terminal Blocks & Accessories
Panel & Panel Accessories,Connectors,Terminal Blocks & Accessories
Panel & Panel Accessories,Connectors,Terminal Blocks & Accessories
Panel & Panel Accessories,Connectors,Terminal Blocks & Accessories
Panel & Panel Accessories,Connectors,Terminal Blocks & Accessories
Panel & Panel Accessories,Connectors,Terminal Blocks & Accessories
Panel & Panel Accessories,Connectors,Terminal Blocks & Accessories
Panel & Panel Accessories,Connectors,Terminal Blocks & Accessories
Panel & Panel Accessories,Connectors,Terminal Blocks & Accessories
Panel & Panel Accessories,Connectors,Terminal Blocks & Accessories
Panel & Panel Accessories,Connectors,Terminal Blocks & Accessories
Panel & Panel Accessories,Connectors,Terminal Blocks & Accessories
Panel & Panel Accessories,Connectors,Terminal Blocks & Accessories
Panel & Panel Accessories,Connectors,Terminal Blocks & Accessories
Panel & Panel Accessories,Connectors,Terminal Blocks & Accessories
Panel & Panel Accessories,Connectors,Terminal Blocks & Accessories
Panel & Panel Accessories,Connectors,Terminal Blocks & Accessories
Panel & Panel Accessories,Connectors,Terminal Blocks & Accessories
Panel & Panel Accessories,Connectors,Terminal Blocks & Accessories
Panel & Panel Accessories,Connectors,Terminal Blocks & Accessories
Panel & Panel Accessories,Connectors,Terminal Blocks & Accessories
Panel & Panel Accessories,Connectors,Terminal Blocks & Accessories
Panel & Panel Accessories,Connectors,Terminal Blocks & Accessories
Panel & Panel Accessories,Connectors,Terminal Blocks & Accessories
Panel & Panel Accessories,Connectors,Terminal Blocks & Accessories
Panel & Panel Accessories,Connectors,Terminal Blocks & Accessories